{"_runtime":1.2912352,"test_recall":0.9654199011997178,"_step":0,"test_precision":0.9956331877729258,"test_f1":0.980293801504837,"test_auc":0.9956527475954667,"_wandb":{"runtime":1},"_timestamp":1.7441060021926758e+09,"test_accuracy":0.9805585012371862}